dataset,kind,columns,api,rows,g.cold,g.warm,g.KB,g.result,f.cold,f.warm,f.KB,f.result,api_error
arbflow-arbitrage,group series,"commodity, concept, fromRegion, toRegion, currency, uom, frequency",1.6165878330357373,90,0.06533387489616871,0.0005888340529054403,0.4970703125,match,0.047024874947965145,0.0007362500764429569,0.4970703125,match,
arbflow-arbitrage,single,commodity,0.4395926669239998,5,0.06922429194673896,0.0004729169886559248,0.4970703125,match,0.043200209038332105,0.0004897080361843109,0.4970703125,match,
arbflow-arbitrage,filter commodity,toRegion,1.5997649999335408,4,0.051866875030100346,0.0005169999785721302,0.4970703125,match,0.04115279112011194,0.0005713750142604113,0.4970703125,match,
oil-inventory,group series,"commodity, dataSeriesShort, concept, frequency, uom, outlookHorizon",3.315748624969274,615,0.06739287497475743,0.0006996248848736286,3.814453125,match,0.04418233293108642,0.0006972921546548605,4.6025390625,match,
oil-inventory,group geography,"commodity, geography",0.9217462500091642,218,0.06570899998769164,0.0005443748086690903,0.990234375,match,0.04447408299893141,0.0004527089186012745,4.6025390625,match,
oil-inventory,single,commodity,0.8041341248899698,22,0.07163212494924664,0.0005834170151501894,0.990234375,match,0.047024917090311646,0.0004013751167804003,4.6025390625,match,
oil-inventory,spans groups,"commodity, isActive",1.1132591250352561,22,,,,MISS,0.049834290985018015,0.0006575409788638353,4.6025390625,match,
oil-inventory,filter outlookHorizon,dataSeriesShort,1.376058500027284,414,0.05213033314794302,0.0006829169578850269,3.814453125,match,0.04348291689530015,0.0007958328351378441,4.6025390625,match,
oil-inventory-latest,group series,"commodity, dataSeriesShort, concept, frequency, uom, outlookHorizon",0.9882569159381092,620,0.04985500010661781,0.0006587079260498285,3.88671875,match,0.04198366706259549,0.0006184580270200968,4.6669921875,match,
oil-inventory-latest,group geography,"commodity, geography",0.9568198339547962,219,0.06753029092215002,0.000466375146061182,0.99609375,match,0.044872666941955686,0.0005540410056710243,4.6669921875,match,
oil-inventory-latest,single,commodity,0.5430117498617619,22,0.050914292223751545,0.0005544160958379507,0.99609375,match,0.04375654202885926,0.00037299981340765953,4.6669921875,match,
oil-inventory-latest,spans groups,"commodity, isActive",0.8377385840285569,22,,,,MISS,0.04978554113768041,0.0005812922026962042,4.6669921875,match,
oil-inventory-latest,filter outlookHorizon,dataSeriesShort,1.1259933339897543,419,0.05196841596625745,0.000583374872803688,3.88671875,match,0.04394937492907047,0.0007291671354323626,4.6669921875,match,
oil-price-forecast,group series,"commodity, priceGroupName, dataSeriesShort, methodology, priceName, priceSymbol, currency, concept, frequency, uom, outlookHorizon",11.270702708978206,1859,0.05101024988107383,0.0015905420295894146,19.369140625,match,,,,MISS,
oil-price-forecast,group geography,"commodity, fromRegion, region, subRegion, country",2.974170333938673,404,0.07545058289542794,0.0008682499174028635,2.646484375,match,,,,MISS,
oil-price-forecast,single,commodity,0.9265983749646693,65,0.058195583056658506,0.000410082982853055,2.646484375,match,,,,MISS,
oil-price-forecast,spans groups,"priceGroupName, fromRegion",1.3633074590470642,184,,,,MISS,,,,MISS,
oil-price-forecast-latest,group series,"commodity, priceGroupName, dataSeriesShort, methodology, priceName, priceSymbol, currency, concept, frequency, uom, outlookHorizon",2.422717000124976,2122,0.06229858403094113,0.0018124580383300781,20.9951171875,match,0.052324249874800444,0.0018173751886934042,24.0849609375,match,
oil-price-forecast-latest,group geography,"commodity, fromRegion, region, subRegion, country",1.237681708065793,405,0.07017399999313056,0.000627333065494895,2.6513671875,match,0.050168167101219296,0.0009155410807579756,24.0849609375,match,
oil-price-forecast-latest,single,commodity,0.37782379100099206,66,0.051729667000472546,0.00043133413419127464,2.6513671875,match,0.04548045899719,0.0003992081619799137,24.0849609375,match,
oil-price-forecast-latest,spans groups,"priceGroupName, fromRegion",0.5887120419647545,192,,,,MISS,0.051983999786898494,0.0005944159347563982,24.0849609375,match,
oil-price-forecast-latest,filter outlookHorizon,dataSeriesShort,1.0946987920906395,1702,0.05946991709060967,0.0008760001510381699,20.9951171875,match,0.04477533302269876,0.000848833005875349,24.0849609375,match,
refinery-production,group series,"commodity, dataSeriesShort, concept, frequency, uom, outlookHorizon",4.330576540902257,1381,0.047091290820389986,0.0011210411321371794,7.283203125,match,0.05053820903412998,0.0010084589011967182,14.328125,match,
refinery-production,group geography,"commodity, fromRegion, region, country, zone, state",3.0494065419770777,1191,0.0608642918523401,0.0009235418401658535,5.431640625,match,0.043750250013545156,0.0007872499991208315,14.328125,match,
refinery-production,single,commodity,0.7277750000357628,14,0.051100292010232806,0.0004751670639961958,5.431640625,match,0.044429666828364134,0.00042762490920722485,14.328125,match,
refinery-production,spans groups,"commodity, isActive",1.2092230420093983,14,,,,MISS,0.043419832829385996,0.0004793750122189522,14.328125,match,
refinery-production,filter outlookHorizon,dataSeriesShort,2.0106925419531763,1317,0.05005350010469556,0.0007467500399798155,7.283203125,match,0.045294250128790736,0.0008078748360276222,14.328125,match,
refinery-production-latest,group series,"commodity, dataSeriesShort, concept, frequency, uom, outlookHorizon",0.5744138748850673,1381,0.05058470903895795,0.001117041101679206,7.283203125,match,0.04436558298766613,0.0010092908050864935,13.6103515625,match,
refinery-production-latest,group geography,"commodity, fromRegion, region, country, zone, state",0.7419408329296857,1147,0.062431209022179246,0.000785208074375987,5.3232421875,match,0.04123133304528892,0.0006932090036571026,13.6103515625,match,
refinery-production-latest,single,commodity,0.5021457078400999,14,0.07687679212540388,0.0005220419261604548,5.3232421875,match,0.04893458285368979,0.00040487502701580524,13.6103515625,match,
refinery-production-latest,spans groups,"commodity, isActive",0.5438402078580111,14,,,,MISS,0.04770995886065066,0.0005208749789744616,13.6103515625,match,
refinery-production-latest,filter outlookHorizon,dataSeriesShort,0.659856874961406,1317,0.06618041615001857,0.0007952919695526361,7.283203125,match,0.05785345798358321,0.0033846248406916857,13.6103515625,match,
refinery-runs,group series,"commodity, dataSeriesShort, concept, frequency, uom, outlookHorizon",0.8349850839003921,1255,0.04825920891016722,0.001085959142073989,7.205078125,match,0.04196149995550513,0.000980166019871831,11.603515625,match,
refinery-runs,group geography,"commodity, fromRegion, region, country, zone, state",0.6906697920057923,478,0.046625709161162376,0.0006389578338712454,2.8837890625,match,0.04342841682955623,0.0006877088453620672,11.603515625,match,
refinery-runs,single,commodity,0.5365013747941703,4,0.06225862493738532,0.0004462918732315302,2.8837890625,match,0.04620574996806681,0.0004080838989466429,11.603515625,match,
refinery-runs,spans groups,"commodity, isActive",0.8913824590854347,4,,,,MISS,0.07074366579763591,0.000517707783728838,11.603515625,match,
refinery-runs,filter outlookHorizon,dataSeriesShort,1.0024081249721348,1255,0.10010099993087351,0.0018465418834239244,7.205078125,match,0.09397624991834164,0.002458082977682352,11.603515625,match,
refinery-runs-latest,group series,"commodity, dataSeriesShort, concept, frequency, uom, outlookHorizon",0.5549954159650952,1255,0.061486124992370605,0.0009447499178349972,7.205078125,match,0.043690084014087915,0.000954875024035573,11.603515625,match,
refinery-runs-latest,group geography,"commodity, fromRegion, region, country, zone, state",0.3647029579151422,478,0.059736625058576465,0.0006184580270200968,2.8837890625,match,0.04245762503705919,0.0006652919109910727,11.603515625,match,
refinery-runs-latest,single,commodity,0.5559102918487042,4,0.06545824999921024,0.00046904198825359344,2.8837890625,match,0.04237649985589087,0.0003711248282343149,11.603515625,match,
refinery-runs-latest,spans groups,"commodity, isActive",0.38466687500476837,4,,,,MISS,0.0479782500769943,0.0004558749496936798,11.603515625,match,
refinery-runs-latest,filter outlookHorizon,dataSeriesShort,0.5874732921365649,1255,0.06679329206235707,0.0008940831758081913,7.205078125,match,0.04354808293282986,0.000654999865218997,11.603515625,match,
refinery-utilization-rate,group series,"dataSeriesShort, concept, frequency, uom, outlookHorizon",0.6422037498559803,296,0.06674966705031693,0.000621250132098794,1.9443359375,match,0.045471333898603916,0.0005643751937896013,3.5048828125,match,
refinery-utilization-rate,group geography,"fromRegion, region, country, zone, state",0.5410469581838697,151,0.06559408293105662,0.0005533748771995306,1.4130859375,match,0.04047170793637633,0.0004863340873271227,3.5048828125,match,
refinery-utilization-rate,single,dataSeriesShort,0.4612711251247674,296,0.06852774997241795,0.0004615001380443573,1.9443359375,match,0.041967625031247735,0.00040604197420179844,3.5048828125,match,
refinery-utilization-rate,spans groups,"dataSeriesShort, zone",0.5332665420137346,296,,,,MISS,0.052395083010196686,0.0005437920335680246,3.5048828125,match,
refinery-utilization-rate,filter outlookHorizon,dataSeriesShort,0.48396804207004607,296,0.0695883750449866,0.0006377079989761114,1.9443359375,match,0.040861207991838455,0.0005590831860899925,3.5048828125,match,
refinery-utilization-rate-latest,group series,"dataSeriesShort, concept, frequency, uom, outlookHorizon",0.3855234580114484,286,0.06929670786485076,0.0006212920416146517,1.9072265625,match,0.0413072919473052,0.0005774160381406546,3.39453125,match,
refinery-utilization-rate-latest,group geography,"fromRegion, region, country, zone, state",0.3271835830528289,142,0.06866929191164672,0.0006094579584896564,1.3798828125,match,0.048044916940853,0.0007637499365955591,3.39453125,match,
refinery-utilization-rate-latest,single,dataSeriesShort,0.34442087495699525,286,0.06622162484563887,0.00047491700388491154,1.9072265625,match,0.044300375040620565,0.0003323329146951437,3.39453125,match,
refinery-utilization-rate-latest,spans groups,"dataSeriesShort, zone",0.3408407501410693,286,,,,MISS,0.07634566607885063,0.0004896668251603842,3.39453125,match,
refinery-utilization-rate-latest,filter outlookHorizon,dataSeriesShort,0.41113920812495053,286,0.06905687507241964,0.000674624927341938,1.9072265625,match,0.0413461250718683,0.0004827079828828573,3.39453125,match,
demand,group series,"commodity, productType, seriesName, concept, frequency, uom, outlookHorizon",80.77338279201649,16681,,,,MISS,,,,MISS,
demand,group geography,"commodity, fromRegion, region, country",11.524282332975417,3176,0.05898316693492234,0.0009070420637726784,14.2509765625,match,,,,MISS,
demand,single,commodity,2.1266835830174387,21,0.06899337493814528,0.0005056669469922781,14.2509765625,match,,,,MISS,
demand,spans groups,"commodity, isActive",2.674232541816309,21,,,,MISS,,,,MISS,
demand-latest,group series,"commodity, productType, seriesName, concept, frequency, uom, outlookHorizon",10.984410832868889,16681,0.09564441698603332,0.006947332993149757,71.92578125,match,0.0676210408564657,0.006782915908843279,104.7978515625,match,
demand-latest,group geography,"commodity, fromRegion, region, country",2.270998707972467,3164,0.04498379211872816,0.000995707930997014,14.23046875,match,0.06010954198427498,0.0023843750823289156,104.7978515625,match,
demand-latest,single,commodity,0.4767507079523057,21,0.06821012496948242,0.0004569580778479576,14.23046875,match,0.059056041995063424,0.0006481660529971123,104.7978515625,match,
demand-latest,spans groups,"commodity, isActive",0.6336508749518543,21,,,,MISS,0.059114583069458604,0.0009300420060753822,104.7978515625,match,
demand-latest,filter outlookHorizon,seriesName,1.577253749826923,9839,0.07250258303247392,0.0022812080569565296,71.92578125,match,0.05766783398576081,0.0024647500831633806,104.7978515625,match,
