prime_mover,fuel
battery,"[""energy storage""]"
combined cycle,"[""biomass"",""gas"",""oil"",""other""]"
fuel cell,"[""biomass"",""gas"",""other""]"
gas turbine,"[""biomass"",""gas"",""oil"",""other""]"
geothermal,"[""geothermal""]"
hydraulic turbine,"[""water""]"
integrated gasification,"[""coal"",""gas"",""other""]"
internal combustion,"[""biomass"",""gas"",""oil"",""other""]"
mechanical storage,"[""energy storage"",""gas"",""other""]"
nuclear,"[""nuclear"",""other""]"
other,"[""biomass"",""coal"",""gas"",""geothermal"",""oil"",""other"",""solar"",""water""]"
other energy storage,"[""energy storage"",""other""]"
pumped storage,"[""water""]"
solar,"[""solar""]"
steam turbine,"[""biomass"",""coal"",""gas"",""oil"",""other""]"
wind turbine,"[""wind""]"
